-- phpMyAdmin SQL Dump
-- version 5.1.1
-- https://www.phpmyadmin.net/
--
-- Host: 127.0.0.1
-- Generation Time: May 25, 2022 at 11:19 PM
-- Server version: 10.4.22-MariaDB
-- PHP Version: 7.4.27

SET SQL_MODE = "NO_AUTO_VALUE_ON_ZERO";
START TRANSACTION;
SET time_zone = "+00:00";


/*!40101 SET @OLD_CHARACTER_SET_CLIENT=@@CHARACTER_SET_CLIENT */;
/*!40101 SET @OLD_CHARACTER_SET_RESULTS=@@CHARACTER_SET_RESULTS */;
/*!40101 SET @OLD_COLLATION_CONNECTION=@@COLLATION_CONNECTION */;
/*!40101 SET NAMES utf8mb4 */;

--
-- Database: `bcandroidbaldur`
--

-- --------------------------------------------------------

--
-- Table structure for table `chitietdonhang`
--

CREATE TABLE `chitietdonhang` (
  `iddonhang` int(11) NOT NULL,
  `idsp` int(11) NOT NULL,
  `soluong` int(11) NOT NULL,
  `gia` varchar(255) COLLATE utf8mb4_unicode_ci NOT NULL
) ENGINE=InnoDB DEFAULT CHARSET=utf8mb4 COLLATE=utf8mb4_unicode_ci;

--
-- Dumping data for table `chitietdonhang`
--

INSERT INTO `chitietdonhang` (`iddonhang`, `idsp`, `soluong`, `gia`) VALUES
(8, 37, 0, '67980000'),
(10, 37, 2, '67980000'),
(12, 37, 2, '67980000'),
(13, 37, 1, '33990000'),
(13, 38, 2, '41000000'),
(14, 38, 1, '20500000'),
(15, 37, 1, '33990000'),
(17, 37, 1, '33990000'),
(17, 36, 1, '24280000'),
(18, 37, 1, '33990000'),
(19, 37, 1, '33990000'),
(20, 35, 1, '46600000'),
(21, 37, 1, '33990000'),
(22, 37, 2, '67980000'),
(23, 34, 1, '12200000'),
(24, 37, 1, '33990000');

-- --------------------------------------------------------

--
-- Table structure for table `donhang`
--

CREATE TABLE `donhang` (
  `id` int(11) NOT NULL,
  `iduser` int(11) NOT NULL,
  `diachi` text COLLATE utf8mb4_unicode_ci NOT NULL,
  `sodienthoai` varchar(255) COLLATE utf8mb4_unicode_ci NOT NULL,
  `email` varchar(255) COLLATE utf8mb4_unicode_ci NOT NULL,
  `soluong` int(11) NOT NULL,
  `tongtien` varchar(255) COLLATE utf8mb4_unicode_ci NOT NULL
) ENGINE=InnoDB DEFAULT CHARSET=utf8mb4 COLLATE=utf8mb4_unicode_ci;

--
-- Dumping data for table `donhang`
--

INSERT INTO `donhang` (`id`, `iduser`, `diachi`, `sodienthoai`, `email`, `soluong`, `tongtien`) VALUES
(1, 4, 'dashfdkjncxzjchsd', '0946115542', 'freya.la2912@gmail.com', 5, '25000000'),
(2, 4, 'dashfdkjncxzjchsd', '0946115542', 'freya.la2912@gmail.com', 5, '25000000'),
(3, 4, 'dashfdkjncxzjchsd', '0946115542', 'freya.la2912@gmail.com', 2, '25000000'),
(4, 4, 'dashfdkjncxzjchsd', '0946115542', 'freya.la2912@gmail.com', 2, '25000000'),
(5, 2, 'dashfdkjncxzjchsd', '0946115542', 'freya.la2912@gmail.com', 2, '25000000'),
(6, 2, 'dashfdkjncxzjchsd', '0946115542', 'freya.la2912@gmail.com', 2, '25000000'),
(7, 2, 'xinchao', '0946115542', 'freya.la2912@gmail.com', 2, '67980000'),
(8, 2, 'xinchao', '0946115542', 'freya.la2912@gmail.com', 2, '67980000'),
(9, 2, 'xinchao', '0946115542', 'freya.la2912@gmail.com', 2, '67980000'),
(10, 2, 'xinchao', '0946115542', 'freya.la2912@gmail.com', 2, '67980000'),
(11, 2, 'xinchao', '0946115542', 'freya.la2912@gmail.com', 2, '67980000'),
(12, 2, 'xinchao', '0946115542', 'freya.la2912@gmail.com', 2, '67980000'),
(13, 5, '174 mac cuu', 'freya.la2912@gmail.com', '0946115542', 3, '115990000'),
(14, 5, 'asd', 'freya.la2912@gmail.com', '0946115542', 1, '20500000'),
(15, 5, 'tran2', 'freya.la2912@gmail.com', '0946115542', 1, '33990000'),
(16, 2, 'asdasds', '0946115542', 'freya.la2912@gmail.com', 3, '25000000'),
(17, 5, 'hello tran', 'freya.la2912@gmail.com', '0946115542', 2, '58270000'),
(18, 5, 'avc', 'freya.la2912@gmail.com', '0946115542', 1, '33990000'),
(19, 5, 'xzc', 'freya.la2912@gmail.com', '0946115542', 1, '33990000'),
(20, 5, 'bnbn', '0946115542', 'freya.la2912@gmail.com', 1, '46600000'),
(21, 5, 'nbvn', '0946115542', 'freya.la2912@gmail.com', 1, '33990000'),
(22, 5, 'lj', '0946115542', 'freya.la2912@gmail.com', 2, '135960000'),
(23, 5, 'bv', '0946115542', 'freya.la2912@gmail.com', 1, '12200000'),
(24, 5, 'zxz', '0946115542', 'freya.la2912@gmail.com', 1, '33990000');

-- --------------------------------------------------------

--
-- Table structure for table `sanpham`
--

CREATE TABLE `sanpham` (
  `id` int(11) NOT NULL,
  `product_name` varchar(100) COLLATE utf8mb4_unicode_ci NOT NULL,
  `image` text COLLATE utf8mb4_unicode_ci NOT NULL
) ENGINE=InnoDB DEFAULT CHARSET=utf8mb4 COLLATE=utf8mb4_unicode_ci;

--
-- Dumping data for table `sanpham`
--

INSERT INTO `sanpham` (`id`, `product_name`, `image`) VALUES
(1, 'Trang chủ', 'https://ngochieu.name.vn/img/home.png'),
(2, 'Laptop', 'https://ngochieu.name.vn/img/laptop.png'),
(3, 'Điện thoại', 'https://ngochieu.name.vn/img/mobile.png'),
(4, 'Thông tin', 'https://ngochieu.name.vn/img/info.png'),
(5, 'Liên hệ', 'https://ngochieu.name.vn/img/contact.png'),
(6, 'Đơn hàng', 'https://ngochieu.name.vn/img/contact.png');

-- --------------------------------------------------------

--
-- Table structure for table `sanphammoi`
--

CREATE TABLE `sanphammoi` (
  `id` int(11) NOT NULL,
  `product_name` varchar(250) COLLATE utf8mb4_unicode_ci NOT NULL,
  `price` varchar(100) COLLATE utf8mb4_unicode_ci NOT NULL,
  `image` text COLLATE utf8mb4_unicode_ci NOT NULL,
  `description` text COLLATE utf8mb4_unicode_ci NOT NULL,
  `type` int(2) NOT NULL
) ENGINE=InnoDB DEFAULT CHARSET=utf8mb4 COLLATE=utf8mb4_unicode_ci;

--
-- Dumping data for table `sanphammoi`
--

INSERT INTO `sanphammoi` (`id`, `product_name`, `price`, `image`, `description`, `type`) VALUES
(19, 'Laptop Dell Vostro V3568', '12200000', 'http://mauweb.monamedia.net/hanoicomputer/wp-content/uploads/2017/12/dell-V3568-XF6C61-01.jpg', '\"Chip: Intel Core i5-7200U\r\nRAM: DDR4 4GB (2 khe cắm)\r\nỔ cứng: HDD 1TB\r\nChipset đồ họa: Intel HD Graphics 620\r\nMàn hình: 15.6 Inches\r\nHệ điều hành: Free Dos\r\nPin: 4 Cell Lithium-ion\"', 2),
(20, 'Apple Macbook Pro 2017 ', '46600000', 'http://mauweb.monamedia.net/hanoicomputer/wp-content/uploads/2017/12/mac-pro-2017-01.jpg', '\"Bộ xử lý: Intel Core i5 dual-core 3.1GHz, Turbo Boost up to 3.5GHz, with 64MB of eDRAM\r\nRAM: 8GB 2133MHz LPDDR3 memory\r\nỔ cứng SSD: 512GB\r\nCard đồ hoạ: Intel Iris Plus Graphics 650\"', 2),
(21, 'Laptop HP Envy 13-ad074TU', '24280000', 'http://mauweb.monamedia.net/hanoicomputer/wp-content/uploads/2017/12/hp-envy-13-01.jpg', '\"CPU Intel Core i7-7500U 2.7GHz up to 3.5GHz 4MB\r\nRAM 8GB LPDDR3 Onboard\r\nĐĩa cứng 256 GB PCIe® NVMe™ M.2 SSD\r\nCard đồ họa Intel® HD Graphics 620\r\nMàn hình 13.3 inch FHD (1920 x 1080) diagonal IPS BrightView micro-edge WLED-backlit\"', 2),
(22, 'Điện thoại iPhone 13 Pro', '33990000', 'https://cdn.tgdd.vn/Products/Images/42/230529/iphone-13-pro-max-sierra-blue-600x600.jpg', '\"Kích thước màn hình 6.1 inches\r\nCông nghệ màn hình OLED\r\nCamera sau Camera góc rộng: 12MP, f/1.6\r\nCamera góc siêu rộng: 12MP, ƒ/2.4\r\nCamera trước 12MP, f/2.2\r\nChipset Apple A15\r\nDung lượng RAM 4 GB\"', 1),
(23, 'Samsung Galaxy Note 20 Ultra 5G', '20500000', 'https://cdn.tgdd.vn/Products/Images/42/244486/samsung-galaxy-s20-ultra-5g-600x600.jpg', '\"Kích thước màn hình 6.9 inches\r\nCông nghệ màn hình Dynamic AMOLED\r\nCamera sau 108 MP, f/1.8, 26mm (wide), 1/1.33\"\", 0.8µm, PDAF, Laser AF, OIS\r\n12 MP, f/3.0, 103mm (periscope telephoto), 1.0µm, PDAF, OIS, 5x optical zoom, 50x hybrid zoom\r\n12 MP, f/2.2, 13mm (ultrawide), 1/2.55\"\", 1.4µm\r\nCamera trước 10 MP, f/2.2, 26mm (wide), 1/3.2\"\", 1.22µm, Dual Pixel PDAF\r\nChipset Exynos 990 (7 nm+)\r\nDung lượng RAM 12 GB\"', 1),
(24, 'Laptop Dell Vostro V3568', '12200000', 'http://mauweb.monamedia.net/hanoicomputer/wp-content/uploads/2017/12/dell-V3568-XF6C61-01.jpg', '\"Chip: Intel Core i5-7200U\r\nRAM: DDR4 4GB (2 khe cắm)\r\nỔ cứng: HDD 1TB\r\nChipset đồ họa: Intel HD Graphics 620\r\nMàn hình: 15.6 Inches\r\nHệ điều hành: Free Dos\r\nPin: 4 Cell Lithium-ion\"', 2),
(25, 'Apple Macbook Pro 2017 ', '46600000', 'http://mauweb.monamedia.net/hanoicomputer/wp-content/uploads/2017/12/mac-pro-2017-01.jpg', '\"Bộ xử lý: Intel Core i5 dual-core 3.1GHz, Turbo Boost up to 3.5GHz, with 64MB of eDRAM\r\nRAM: 8GB 2133MHz LPDDR3 memory\r\nỔ cứng SSD: 512GB\r\nCard đồ hoạ: Intel Iris Plus Graphics 650\"', 2),
(26, 'Laptop HP Envy 13-ad074TU', '24280000', 'http://mauweb.monamedia.net/hanoicomputer/wp-content/uploads/2017/12/hp-envy-13-01.jpg', '\"CPU Intel Core i7-7500U 2.7GHz up to 3.5GHz 4MB\r\nRAM 8GB LPDDR3 Onboard\r\nĐĩa cứng 256 GB PCIe® NVMe™ M.2 SSD\r\nCard đồ họa Intel® HD Graphics 620\r\nMàn hình 13.3 inch FHD (1920 x 1080) diagonal IPS BrightView micro-edge WLED-backlit\"', 2),
(27, 'Điện thoại iPhone 13 Pro', '33990000', 'https://cdn.tgdd.vn/Products/Images/42/230529/iphone-13-pro-max-sierra-blue-600x600.jpg', '\"Kích thước màn hình 6.1 inches\r\nCông nghệ màn hình OLED\r\nCamera sau Camera góc rộng: 12MP, f/1.6\r\nCamera góc siêu rộng: 12MP, ƒ/2.4\r\nCamera trước 12MP, f/2.2\r\nChipset Apple A15\r\nDung lượng RAM 4 GB\"', 1),
(28, 'Samsung Galaxy Note 20 Ultra 5G', '20500000', 'https://cdn.tgdd.vn/Products/Images/42/244486/samsung-galaxy-s20-ultra-5g-600x600.jpg', '\"Kích thước màn hình 6.9 inches\r\nCông nghệ màn hình Dynamic AMOLED\r\nCamera sau 108 MP, f/1.8, 26mm (wide), 1/1.33\"\", 0.8µm, PDAF, Laser AF, OIS\r\n12 MP, f/3.0, 103mm (periscope telephoto), 1.0µm, PDAF, OIS, 5x optical zoom, 50x hybrid zoom\r\n12 MP, f/2.2, 13mm (ultrawide), 1/2.55\"\", 1.4µm\r\nCamera trước 10 MP, f/2.2, 26mm (wide), 1/3.2\"\", 1.22µm, Dual Pixel PDAF\r\nChipset Exynos 990 (7 nm+)\r\nDung lượng RAM 12 GB\"', 1),
(29, 'Laptop Dell Vostro V3568', '12200000', 'http://mauweb.monamedia.net/hanoicomputer/wp-content/uploads/2017/12/dell-V3568-XF6C61-01.jpg', '\"Chip: Intel Core i5-7200U\r\nRAM: DDR4 4GB (2 khe cắm)\r\nỔ cứng: HDD 1TB\r\nChipset đồ họa: Intel HD Graphics 620\r\nMàn hình: 15.6 Inches\r\nHệ điều hành: Free Dos\r\nPin: 4 Cell Lithium-ion\"', 2),
(30, 'Apple Macbook Pro 2017 ', '46600000', 'http://mauweb.monamedia.net/hanoicomputer/wp-content/uploads/2017/12/mac-pro-2017-01.jpg', '\"Bộ xử lý: Intel Core i5 dual-core 3.1GHz, Turbo Boost up to 3.5GHz, with 64MB of eDRAM\r\nRAM: 8GB 2133MHz LPDDR3 memory\r\nỔ cứng SSD: 512GB\r\nCard đồ hoạ: Intel Iris Plus Graphics 650\"', 2),
(31, 'Laptop HP Envy 13-ad074TU', '24280000', 'http://mauweb.monamedia.net/hanoicomputer/wp-content/uploads/2017/12/hp-envy-13-01.jpg', '\"CPU Intel Core i7-7500U 2.7GHz up to 3.5GHz 4MB\r\nRAM 8GB LPDDR3 Onboard\r\nĐĩa cứng 256 GB PCIe® NVMe™ M.2 SSD\r\nCard đồ họa Intel® HD Graphics 620\r\nMàn hình 13.3 inch FHD (1920 x 1080) diagonal IPS BrightView micro-edge WLED-backlit\"', 2),
(32, 'Điện thoại iPhone 13 Pro', '33990000', 'https://cdn.tgdd.vn/Products/Images/42/230529/iphone-13-pro-max-sierra-blue-600x600.jpg', '\"Kích thước màn hình 6.1 inches\r\nCông nghệ màn hình OLED\r\nCamera sau Camera góc rộng: 12MP, f/1.6\r\nCamera góc siêu rộng: 12MP, ƒ/2.4\r\nCamera trước 12MP, f/2.2\r\nChipset Apple A15\r\nDung lượng RAM 4 GB\"', 1),
(33, 'Samsung Galaxy Note 20 Ultra 5G', '20500000', 'https://cdn.tgdd.vn/Products/Images/42/244486/samsung-galaxy-s20-ultra-5g-600x600.jpg', '\"Kích thước màn hình 6.9 inches\r\nCông nghệ màn hình Dynamic AMOLED\r\nCamera sau 108 MP, f/1.8, 26mm (wide), 1/1.33\"\", 0.8µm, PDAF, Laser AF, OIS\r\n12 MP, f/3.0, 103mm (periscope telephoto), 1.0µm, PDAF, OIS, 5x optical zoom, 50x hybrid zoom\r\n12 MP, f/2.2, 13mm (ultrawide), 1/2.55\"\", 1.4µm\r\nCamera trước 10 MP, f/2.2, 26mm (wide), 1/3.2\"\", 1.22µm, Dual Pixel PDAF\r\nChipset Exynos 990 (7 nm+)\r\nDung lượng RAM 12 GB\"', 1),
(34, 'Laptop Dell Vostro V3568', '12200000', 'http://mauweb.monamedia.net/hanoicomputer/wp-content/uploads/2017/12/dell-V3568-XF6C61-01.jpg', '\"Chip: Intel Core i5-7200U\r\nRAM: DDR4 4GB (2 khe cắm)\r\nỔ cứng: HDD 1TB\r\nChipset đồ họa: Intel HD Graphics 620\r\nMàn hình: 15.6 Inches\r\nHệ điều hành: Free Dos\r\nPin: 4 Cell Lithium-ion\"', 2),
(35, 'Apple Macbook Pro 2017 ', '46600000', 'http://mauweb.monamedia.net/hanoicomputer/wp-content/uploads/2017/12/mac-pro-2017-01.jpg', '\"Bộ xử lý: Intel Core i5 dual-core 3.1GHz, Turbo Boost up to 3.5GHz, with 64MB of eDRAM\r\nRAM: 8GB 2133MHz LPDDR3 memory\r\nỔ cứng SSD: 512GB\r\nCard đồ hoạ: Intel Iris Plus Graphics 650\"', 2),
(36, 'Laptop HP Envy 13-ad074TU', '24280000', 'http://mauweb.monamedia.net/hanoicomputer/wp-content/uploads/2017/12/hp-envy-13-01.jpg', '\"CPU Intel Core i7-7500U 2.7GHz up to 3.5GHz 4MB\r\nRAM 8GB LPDDR3 Onboard\r\nĐĩa cứng 256 GB PCIe® NVMe™ M.2 SSD\r\nCard đồ họa Intel® HD Graphics 620\r\nMàn hình 13.3 inch FHD (1920 x 1080) diagonal IPS BrightView micro-edge WLED-backlit\"', 2),
(37, 'Điện thoại iPhone 13 Pro', '33990000', 'https://cdn.tgdd.vn/Products/Images/42/230529/iphone-13-pro-max-sierra-blue-600x600.jpg', '\"Kích thước màn hình 6.1 inches\r\nCông nghệ màn hình OLED\r\nCamera sau Camera góc rộng: 12MP, f/1.6\r\nCamera góc siêu rộng: 12MP, ƒ/2.4\r\nCamera trước 12MP, f/2.2\r\nChipset Apple A15\r\nDung lượng RAM 4 GB\"', 1),
(38, 'Samsung Galaxy Note 20 Ultra 5G', '20500000', 'https://cdn.tgdd.vn/Products/Images/42/244486/samsung-galaxy-s20-ultra-5g-600x600.jpg', '\"Kích thước màn hình 6.9 inches\r\nCông nghệ màn hình Dynamic AMOLED\r\nCamera sau 108 MP, f/1.8, 26mm (wide), 1/1.33\"\", 0.8µm, PDAF, Laser AF, OIS\r\n12 MP, f/3.0, 103mm (periscope telephoto), 1.0µm, PDAF, OIS, 5x optical zoom, 50x hybrid zoom\r\n12 MP, f/2.2, 13mm (ultrawide), 1/2.55\"\", 1.4µm\r\nCamera trước 10 MP, f/2.2, 26mm (wide), 1/3.2\"\", 1.22µm, Dual Pixel PDAF\r\nChipset Exynos 990 (7 nm+)\r\nDung lượng RAM 12 GB\"', 1),
(39, 'Điện thoại iPhone 11 64GB', '14990000', 'https://cdn.tgdd.vn/Products/Images/42/153856/iphone-11-vang-1-2-org.jpg', 'Apple đã chính thức trình làng bộ 3 siêu phẩm iPhone 11, trong đó phiên bản iPhone 11 64GB có mức giá rẻ nhất nhưng vẫn được nâng cấp mạnh mẽ như iPhone Xr ra mắt trước đó.\r\nNâng cấp mạnh mẽ về camera\r\nNói về nâng cấp thì camera chính là điểm có nhiều cải tiến nhất trên thế hệ iPhone mới.', 1),
(40, 'Điện thoại Samsung Galaxy S22 Ultra 5G 128GB', '30990000', 'https://cdn.tgdd.vn/Products/Images/42/235838/samsung-galaxy-s22-ultra-1-1.jpg', 'Galaxy S22 Ultra 5G chiếc smartphone cao cấp nhất trong bộ 3 Galaxy S22 series mà Samsung đã cho ra mắt. Tích hợp bút S Pen hoàn hảo trong thân máy, trang bị vi xử lý mạnh mẽ cho các tác vụ sử dụng vô cùng mượt mà và nổi bật hơn với cụm camera không viền độc đáo mang đậm dấu ấn riêng.\r\nSở hữu một diện mạo đầy nổi bật\r\nGalaxy S22 Ultra 5G được kế thừa form thiết kế từ những dòng Note trước đây của hãng đem đến cho bạn có cảm giác vừa mới lạ vừa hoài niệm. Trọng lượng của máy khoảng 228 g cho cảm giác cầm nắm đầm tay, khi cầm máy trần thì hơi có cảm giác dễ trượt.', 1),
(41, 'Điện thoại OPPO Reno7 Z 5G ', '10490000', 'https://cdn.tgdd.vn/Products/Images/42/271717/oppo-reno7-z-1-2.jpg', 'OPPO đã trình làng mẫu Reno7 Z 5G với thiết kế OPPO Glow độc quyền, camera mang hiệu ứng như máy DSLR chuyên nghiệp cùng viền sáng kép, máy có một cấu hình mạnh mẽ và đạt chứng nhận xếp hạng A về độ mượt.\r\nDễ dàng nổi bật giữa đám đông\r\nĐiện thoại OPPO Reno7 Z 5G có khung viền vát phẳng, vuông vức trendy làm cho máy toát lên nét hiện đại và năng động. Bốn góc được bo cong mềm mại tạo cảm giác thoải mái và nhẹ nhàng (chỉ 173 g). Với thiết kế nguyên khối làm tổng thể máy trở nên cực kỳ chắc chắn, không chỉ đẹp mà còn tăng độ bền.', 1),
(42, 'Điện thoại Realme C35 64GB', '4290000', 'https://cdn.tgdd.vn/Products/Images/42/261888/realme-c35-1-1.jpg', 'Realme C35 thuộc phân khúc giá rẻ được nhà Realme cho ra mắt với thiết kế trẻ trung, dung lượng pin lớn cùng camera hỗ trợ nhiều tính năng. Đây sẽ là thiết bị liên lạc, giải trí và làm việc ổn định,… cho các nhu cầu sử dụng của bạn.\r\nThiết kế thời thượng, màu sắc thời trang\r\nRealme C35 sở hữu 2 màu sắc trẻ trung: Đen tuyền và xanh huyền ảo với một thiết kế vô cùng độc đáo, khung bezel bo góc làm bằng vật liệu 2D phát sáng linh động, mang đến hiệu ứng màu ấn tượng khi thay đổi góc nhìn.\r\n\r\n', 1),
(43, 'Điện thoại Xiaomi 11T 5G 128GB', '10990000', 'https://cdn.tgdd.vn/Products/Images/42/248293/iaomi-11t-xam-1.jpg', 'Xiaomi 11T đầy nổi bật với thiết kế vô cùng trẻ trung, màn hình AMOLED, bộ 3 camera sắc nét và viên pin lớn đây sẽ là mẫu smartphone của Xiaomi thỏa mãn mọi nhu cầu giải trí, làm việc và là niềm đam mê sáng tạo của bạn. \r\nCamera 108 MP siêu sắc nét, làm chủ mọi khung hình\r\nXiaomi trang bị cho 11T 3 camera sau gồm camera chính độ phân giải 108 MP, camera góc rộng 8 MP 120 độ và camera telemacro 5 MP cùng hệ thống phần cứng tối tân được trang bị bên trong cực kỳ ấn tượng. Chỉ cần giơ máy lên chụp là bạn đã có những bức ảnh sắc nét đáng kinh ngạc, khả năng thu phóng cũng cực tốt, cho bạn chụp được rõ từng chi tiết dù đối tượng ở khá xa.', 1),
(44, 'Điện thoại Samsung Galaxy A03 3GB ', '2990000', 'https://cdn.tgdd.vn/Products/Images/42/251856/samsung-galaxy-a03-1-3.jpg', 'Samsung Galaxy A03 là chiếc điện thoại Galaxy A đầu tiên của nhà Samsung trong năm 2022 tại thị trường Việt Nam. Đây là sản phẩm có mức giá dễ tiếp cận, có camera chính đến 48 MP, pin 5000 mAh thoải mái sử dụng cả ngày.\r\nThiết kế vân đan chéo\r\nGalaxy A03 có thiết kế nhựa nguyên khối, mặt lưng nhám, có các đường vân đan chéo nhau một cách nhẹ nhàng mang lại độ nhám nhất định khi cầm nắm, cảm giác đầm tay và có thể hạn chế bám mồ hôi, dấu vân tay.', 1),
(45, 'Điện thoại Xiaomi Redmi Note 11 Pro', '7490000', 'https://cdn.tgdd.vn/Products/Images/42/270471/xiaomi-redmi-note-11-pro-4g-xanh.jpg', 'Xiaomi Redmi Note 11 Pro 4G mang trong mình khá nhiều những nâng cấp cực kì sáng giá. Là chiếc điện thoại có màn hình lớn, tần số quét 120 Hz, hiệu năng ổn định cùng một viên pin siêu trâu.\r\nThiết kế cứng cáp, cầm nắm rất đầm tay\r\nĐiểm nổi bật ở phần thiết kế của Redmi Note 11 Pro chính là cụm camera khá lớn và lồi so với mặt lưng, mặt lưng có chất liệu bằng kính đã được làm phẳng đi. Khung viền bằng nhựa cũng được bo tròn và vát phẳng rất liền mạch, mức độ hoàn thiện tốt, không có hiện tượng ọp ẹp khi mình sử dụng chiếc máy này.', 1),
(46, 'Điện thoại Xiaomi Redmi Note 11S 5G ', '6490000', 'https://cdn.tgdd.vn/Products/Images/42/272668/xiaomi-redmi-note-11s-5g-lam-hong-1.jpg', 'Tại sự kiện ra mắt sản phẩm mới diễn ra hôm 29/3, Xiaomi đã ra mắt Xiaomi Redmi Note 11S 5G toàn cầu. Thiết bị là một bản nâng cấp đáng giá so với Redmi Note 11S 4G, cùng xem máy có gì đặc biệt thôi nào.\r\nThiết kế quen thuộc nhưng vẫn thời thượng\r\nRedmi Note 11S 5G có ngoại hình bắt mắt với 3 màu sắc thời thượng gồm: Midnight Black, Twilight Blue và Star Blue. Viền màn hình hai bên của máy khá mỏng cùng với đó là cạnh viền bo cong theo lòng bàn tay, tạo cảm giác cầm nắm thoải mái hơn.', 1),
(47, 'Điện thoại iPhone 13 Pro Max 128GB', '30490000', 'https://cdn.tgdd.vn/Products/Images/42/230529/iphone-13-pro-xanh-xa-1.jpg', 'Điện thoại iPhone 13 Pro Max 128 GB - siêu phẩm được mong chờ nhất ở nửa cuối năm 2021 đến từ Apple. Máy có thiết kế không mấy đột phá khi so với người tiền nhiệm, bên trong đây vẫn là một sản phẩm có màn hình siêu đẹp, tần số quét được nâng cấp lên 120 Hz mượt mà, cảm biến camera có kích thước lớn hơn, cùng hiệu năng mạnh mẽ với sức mạnh đến từ Apple A15 Bionic, sẵn sàng cùng bạn chinh phục mọi thử thách.\r\nThiết kế đẳng cấp hàng đầu\r\niPhone mới kế thừa thiết kế đặc trưng từ iPhone 12 Pro Max khi sở hữu khung viền vuông vức, mặt lưng kính cùng màn hình tai thỏ tràn viền nằm ở phía trước.', 1),
(48, 'Điện thoại Samsung Galaxy A52s 5G 128GB', '8490000', 'https://cdn.tgdd.vn/Products/Images/42/247507/samsung-galaxy-a52s-5g-1-3.jpg', 'Samsung đã chính thức giới thiệu chiếc điện thoại Galaxy A52s 5G đến người dùng, đây phiên bản nâng cấp của Galaxy A52 5G ra mắt cách đây không lâu, với ngoại hình không đổi nhưng được nâng cấp đáng kể về thông số cấu hình bên trong.\r\nThiết kế đặc trưng Galaxy A\r\nSamsung Galaxy A52s tiếp tục sử dụng ngôn ngữ thiết kế nguyên khối theo phong cách trẻ trung với các tuỳ chọn màu sắc như: Đen, trắng, tím và xanh mint.', 1),
(49, 'Điện thoại Vivo Y15s ', '3490000', 'https://cdn.tgdd.vn/Products/Images/42/249720/vivo-y15s-2021-tx-1.jpg', 'Vivo vừa mang một chiến binh mới đến phân khúc tầm trung giá rẻ có tên Vivo Y15s, một sản phẩm sở hữu khá nhiều ưu điểm như thiết kế đẹp, màn hình lớn, camera kép, pin cực trâu và còn rất nhiều điều thú vị khác đang chờ đón bạn.\r\nNgoại hình sang trọng, ấn tượng\r\nVivo Y15s sở hữu nhiều điểm tương đồng với những \"người anh em\" Vivo Y15 của mình khi toàn bộ thân máy làm bằng Polymer cao cấp, thiết kế cong cạnh 3D và kiểu dáng mỏng nhẹ chỉ 8.28 mm đem lại cảm giác cầm máy trong tay khá thoải mái.\r\n\r\nMặt lưng hoàn thiện với họa tiết kẻ sọc mờ với hai tùy chọn màu sắc Xanh Biển Sâu và Trắng có khả năng chuyển sáng xanh vô cùng đẹp mắt.\r\n\r\n', 1),
(50, 'Điện thoại OPPO A55', '4990000', 'https://cdn.tgdd.vn/Products/Images/42/249944/oppo-a55-4g-1-3.jpg', 'OPPO cho ra mắt OPPO A55 4G chiếc smartphone giá rẻ tầm trung có thiết kế đẹp mắt, cấu hình khá ổn, cụm camera chất lượng và dung lượng pin ấn tượng, mang đến một lựa chọn trải nghiệm thú vị vừa túi tiền cho người tiêu dùng.\r\nLớp “áo” đẹp mãn nhãn\r\nOPPO A55 4G có 2 biến thể màu gồm Starry Black (đen) và Rainbow Blue (xanh). Thiết kế cong 3D cùng kích thước mỏng nhẹ, OPPO A55 4G vừa vặn trong tay người cầm, cho từng thao tác trải nghiệm thoải mái và chắc chắn.', 1),
(51, 'Điện thoại Samsung Galaxy Z Fold3 5G 256GB', '36990000', 'https://cdn.tgdd.vn/Products/Images/42/226935/samsung-galaxy-z-fold-3-1-1-org.jpg', 'Galaxy Z Fold3 5G, chiếc điện thoại được nâng cấp toàn diện về nhiều mặt, đặc biệt đây là điện thoại màn hình gập đầu tiên trên thế giới có camera ẩn (08/2021). Sản phẩm sẽ là một “cú hit” của Samsung góp phần mang đến những trải nghiệm mới cho người dùng.\r\nThiết kế nâng tầm smartphone màn hình gập\r\nCó thể thấy mẫu smartphone Galaxy Z Fold3 lần này vẫn giữ nguyên ngoại hình cùng cơ chế màn hình gập mở dạng quyển sách như của tiền nhiệm, \"hô biến\" chiếc smartphone thành một chiếc máy tính bảng mini một cách dễ dàng và ngược lại.', 1),
(52, 'Điện thoại iPhone 12 Pro Max 512GB ', '30990000', 'https://cdn.tgdd.vn/Products/Images/42/228744/iphone-12-pro-max-512gb-xanh-duong-1-org.jpg', 'Điện thoại iPhone 12 Pro Max 512GB - đẳng cấp từ tên gọi đến từng chi tiết. Ngay từ khi chỉ là tin đồn thì chiếc smartphone này đã làm đứng ngồi không yên bao “fan cứng” nhà Apple, với những nâng cấp vô cùng nổi bật hứa hẹn sẽ mang đến những trải nghiệm tốt nhất về mọi mặt mà chưa một chiếc iPhone tiền nhiệm nào có được.\r\nThu hút từ cái nhìn đầu tiên\r\nQuay trở lại đầy hoài niệm với thiết kế phẳng, vuông vức tương tự iPhone 4 nhưng không hề cho cảm giác lỗi thời mà hoàn toàn sang trọng với thiết kế tinh tế và được cấu tạo từ những vật liệu cao cấp hơn.\r\n\r\n', 1),
(53, 'Điện thoại OPPO Find X5 Pro 5G ', '30990000', 'https://cdn.tgdd.vn/Products/Images/42/250622/oppo-find-x5-pro-1-2.jpg', 'Dòng Find X đến từ OPPO luôn mang trên mình những công nghệ hàng đầu trong ngành công nghiệp điện thoại. OPPO Find X5 Pro cũng sở hữu những thông số kỹ thuật chuẩn flagship năm 2022, có thể kể đến như vi xử lý Snapdragon 8 Gen 1, màn hình 2K+ sắc nét, camera Sony và sạc nhanh 80 W.\r\nMàn hình chất lượng cao\r\nOPPO trang bị cho Find X5 Pro màn hình AMOLED kích thước 6.7 inch, độ phân giải 2K+ (1440 x 3216 pixel) cho khả năng hiển thị sắc nét từng chi tiết của một bức ảnh. Màn hình còn có khả năng hiển thị ở độ sáng cao lên đến 1300 nits, đảm bảo mắt có thể đọc tốt nội dung kể cả khi sử dụng dưới ánh nắng mặt trời.\r\n\r\n', 1),
(54, 'Điện thoại iPhone 13 Pro 128GB ', '27490000', 'https://cdn.tgdd.vn/Products/Images/42/230521/iphone-13-pro1.jpg', 'Mỗi lần ra mắt phiên bản mới là mỗi lần iPhone chiếm sóng trên khắp các mặt trận và lần này cái tên khiến vô số người \"sục sôi\" là iPhone 13 Pro, chiếc điện thoại thông minh vẫn giữ nguyên thiết kế cao cấp, cụm 3 camera được nâng cấp, cấu hình mạnh mẽ cùng thời lượng pin lớn ấn tượng. \r\nThiết kế đặc trưng với màu sắc thời thượng\r\niPhone 13 Pro không có nhiều sự thay đổi về thiết kế, khi máy vẫn sở hữu kiểu dáng tương tự như điện thoại iPhone 12 Pro với các cạnh viền vuông vắn và hai mặt kính cường lực cao cấp. Sở hữu 4 phiên bản màu gồm xanh dương, bạc, vàng đồng và xám cho bạn tùy chọn theo sở thích của mình. \r\n\r\n', 1),
(55, 'Điện thoại iPhone 12 Pro 512GB ', '28490000', 'https://cdn.tgdd.vn/Products/Images/42/228739/iphone-12-pro-512gb-xanh-1-org.jpg', 'Thêm siêu phẩm của điện thoại iPhone 12 series được Apple cho ra mắt trong sự kiện “Hi Speed”, mang trên mình các yếu tố của một siêu phẩm với nhiều tính năng đặc biệt, hấp dẫn và không ai khác đó chính là smartphone iPhone 12 Pro 512 GB.\r\nTốc độ 5G siêu nhanh\r\nĐiểm sáng giá đầu tiên phải nói đến kết nối 5G lần đầu được Apple tích hợp trên các dòng iPhone 12 của mình với tốc độ và hiệu suất cao.\r\n\r\nKết nối 5G cho phép tốc độ tải xuống và tải lên nhanh hơn, giúp tăng tốc mọi thứ từ việc load trang web đến tải xuống các ứng dụng, chương trình truyền hình và phim một cách nhanh chóng.', 1),
(56, 'Điện thoại Samsung Galaxy S22+ 5G 128GB ', '25990000', 'https://cdn.tgdd.vn/Products/Images/42/242439/samsung-galaxy-s22-plus-1-1.jpg', 'Samsung Galaxy S22+ 5G 128 GB được Samsung cho ra mắt với với ngoại hình không đổi nhưng được nâng cấp đáng kể về thông số cấu hình bên trong và thời gian sử dụng tốt, chắc hẳn sẽ mang lại những trải nghiệm thú vị dành cho bạn.\r\nGalaxy S22+ 5G thiết kế bền bỉ với khung viền từ hợp kim Armor Aluminum cứng cáp, trang bị kính cường lực Gorilla Glass Victus+ giúp hạn chế trầy xước cho bạn thoải mái sử dụng thiết bị hơn khi sử dụng.\r\n\r\n', 1),
(57, 'Galaxy Z Flip3 5G 128GB', '24990000', 'https://cdn.tgdd.vn/2022/05/campaign/Frame4559-640x640.png', 'Trong sự kiện Galaxy Unpacked hồi 11/8, Samsung đã chính thức trình làng mẫu điện thoại màn hình gập thế hệ mới mang tên Galaxy Z Flip3 5G 128GB. Đây là một siêu phẩm với màn hình gập dạng vỏ sò cùng nhiều điểm cải tiến và thông số ấn tượng, sản phẩm chắc chắn sẽ thu hút được rất nhiều sự quan tâm của người dùng, đặc biệt là phái nữ.\r\nThiết kế hiện đại cùng màu sắc thời trang\r\nGalaxy Z Flip 3 sở hữu cơ cấu gập theo chiều dọc xịn sò, tạo ra chiếc smartphone khác biệt so với phần còn lại, có thể đóng lại gọn gàng khi không sử dụng để bạn thuận tiện mang theo bên mình.', 1),
(58, 'Điện thoại Samsung Galaxy S21 Ultra 5G 128GB ', '22990000', 'https://cdn.tgdd.vn/Products/Images/42/226316/samsung-galaxy-s21-ultra-bac-1-org.jpg', 'Sự đẳng cấp được Samsung gửi gắm thông qua chiếc smartphone Galaxy S21 Ultra 5G với hàng loạt sự nâng cấp và cải tiến không chỉ ngoại hình bên ngoài mà còn sức mạnh bên trong, hứa hẹn đáp ứng trọn vẹn nhu cầu ngày càng cao của người dùng.\r\nĐột phá trong thiết kế thời thượng\r\nKhông chỉ đơn thuần phục vụ giao tiếp và giải trí, Samsung Galaxy S21 Ultra 5G còn chính là món phụ kiện thời trang khẳng định vị thế của người sở hữu. Vẻ ngoài mảnh mai và thon gọn đến bất ngờ chỉ 165.1 x 75.6 x 8.9 mm và trọng lượng 228 g dù phải “vác” một viên pin lớn.\r\n\r\n', 1),
(59, 'Điện thoại Samsung Galaxy S22 5G 128GB ', '21990000', 'https://cdn.tgdd.vn/Products/Images/42/231110/samsung-galaxy-s22-white.jpg', 'Samsung Galaxy S22 ra mắt với diện mạo vô cùng tinh tế và trẻ trung, mang trong mình thiết kế phẳng theo xu hướng thịnh hành, màn hình 120 Hz mượt mà, cụm camera AI 50 MP và bộ xử lý đến từ Qualcomm.\r\nThiết kế thu hút mọi ánh nhìn \r\nCảm giác đầu tiên Samsung Galaxy S22 mang lại cho mình khi sử dụng là máy cho cảm giác cầm nắm cực kỳ chắc chắn và đằm tay với thiết kế nhỏ gọn của mình.\r\n\r\nĐây là một chiếc điện thoại vô cùng bền bỉ khi khung viền được cấu thành từ Armor Aluminum cứng cáp, được trang bị kính cường lực Corning Gorilla Glass Victus+ đầu tiên trên thị trường.', 1),
(60, 'Điện thoại Samsung Galaxy Z Flip3 5G 128GB', '21990000', 'https://cdn.tgdd.vn/Products/Images/42/229949/samsung-galaxy-z-flip-3-green-1-600x600.jpg', 'Trong sự kiện Galaxy Unpacked hồi 11/8, Samsung đã chính thức trình làng mẫu điện thoại màn hình gập thế hệ mới mang tên Galaxy Z Flip3 5G 128GB. Đây là một siêu phẩm với màn hình gập dạng vỏ sò cùng nhiều điểm cải tiến và thông số ấn tượng, sản phẩm chắc chắn sẽ thu hút được rất nhiều sự quan tâm của người dùng, đặc biệt là phái nữ.\r\nThiết kế hiện đại cùng màu sắc thời trang\r\nGalaxy Z Flip 3 sở hữu cơ cấu gập theo chiều dọc xịn sò, tạo ra chiếc smartphone khác biệt so với phần còn lại, có thể đóng lại gọn gàng khi không sử dụng để bạn thuận tiện mang theo bên mình.', 1),
(61, 'Điện thoại iPhone 13 128GB ', '20990000', 'https://cdn.tgdd.vn/Products/Images/42/223602/iphone-13-xanh-1.jpg', 'Trong khi sức hút đến từ bộ 4 phiên bản iPhone 12 vẫn chưa nguội đi, thì hãng điện thoại Apple đã mang đến cho người dùng một siêu phẩm mới iPhone 13 với nhiều cải tiến thú vị sẽ mang lại những trải nghiệm hấp dẫn nhất cho người dùng.\r\nHiệu năng vượt trội nhờ chip Apple A15 Bionic\r\nCon chip Apple A15 Bionic siêu mạnh được sản xuất trên quy trình 5 nm giúp điện thoại iPhone 13 đạt hiệu năng ấn tượng, với CPU nhanh hơn 50%, GPU nhanh hơn 30% so với các đối thủ trong cùng phân khúc.\r\n\r\n', 1),
(62, 'Điện thoại Xiaomi 12 ', '19990000', 'https://cdn.tgdd.vn/Products/Images/42/234621/xiaomi-mi-12-1.jpg', 'Xiaomi đang dần khẳng định chỗ đứng của mình trong phân khúc điện thoại flagship bằng việc ra mắt Xiaomi 12 với bộ thông số ấn tượng, máy có một thiết kế gọn gàng, hiệu năng mạnh mẽ, màn hình hiển thị chi tiết cùng khả năng chụp ảnh sắc nét nhờ trang bị ống kính đến từ Sony.\r\nCầm nắm cực kỳ thoải mái\r\nẤn tượng đầu tiên khi mình nhìn Xiaomi 12 là nó quá đẹp, các chi tiết được hoàn thiện một cách tỉ mỉ, cạnh viền được bo cong mềm mại và không thấy xuất hiện chi tiết thừa.', 1),
(63, 'Điện thoại iPhone 13 mini 128GB', '19290000', 'https://cdn.tgdd.vn/Products/Images/42/236780/iphone-13-mini-white-1.jpg', 'iPhone 13 mini được Apple ra mắt với hàng loạt nâng cấp về cấu hình và các tính năng hữu ích, lại có thiết kế vừa vặn. Chiếc điện thoại này hứa hẹn là một thiết bị hoàn hảo hướng tới những khách hàng thích sự nhỏ gọn nhưng vẫn giữ được sự mạnh mẽ bên trong. \r\nHiệu năng mạnh mẽ hàng đầu\r\niPhone 13 mini được trang bị bộ vi xử lý A15 Bionic sản xuất trên tiến trình 5 nm giúp cải thiện hiệu suất và giảm điện năng tiêu thụ đến 15% so với phiên bản A14 Bionic trước đó, đáp ứng hoàn hảo trong công việc cũng như trong giải trí của người dùng tốt hơn.\r\n\r\n', 1),
(64, 'Điện thoại iPhone 12 64GB', '19990000', 'https://cdn.tgdd.vn/Products/Images/42/213031/iphone-12-trang-1-1-org.jpg', 'Trong những tháng cuối năm 2020, Apple đã chính thức giới thiệu đến người dùng cũng như iFan thế hệ iPhone 12 series mới với hàng loạt tính năng bứt phá, thiết kế được lột xác hoàn toàn, hiệu năng đầy mạnh mẽ và một trong số đó chính là iPhone 12 64GB.\r\nHiệu năng vượt xa mọi giới hạn\r\nApple đã trang bị con chip mới nhất của hãng (tính đến 11/2020) cho iPhone 12 đó là A14 Bionic, được sản xuất trên tiến trình 5 nm với hiệu suất ổn định hơn so với chip A13 được trang bị trên phiên bản tiền nhiệm iPhone 11.', 1),
(65, 'Điện thoại iPhone 12 mini 64GB ', '18990000', 'https://cdn.tgdd.vn/Products/Images/42/225380/iphone-12-mini-tim-gc-1-org.jpg', 'Điện thoại iPhone 12 mini 64 GB tuy là phiên bản thấp nhất trong bộ 4 iPhone 12 series, nhưng vẫn sở hữu những ưu điểm vượt trội về kích thước nhỏ gọn, tiện lợi, hiệu năng đỉnh cao, tính năng sạc nhanh cùng bộ camera chất lượng cao.\r\nThiết kế sang trọng, cao cấp\r\nĐiểm nhấn đầu tiên phải kể đến ở dòng máy này chính là viền máy không còn được thiết kế bo cong các cạnh, mà thay vào đó là phần cạnh máy được vát phẳng vô cùng mạnh mẽ và cá tính.', 1),
(66, 'Điện thoại Samsung Galaxy S21+ 5G 128GB ', '17990000', 'https://cdn.tgdd.vn/Products/Images/42/226385/samsung-galaxy-s21-plus-tim-1-org.jpg', 'Ẩn đằng sau thiết kế tuyệt tác của siêu phẩm Galaxy S21+ 5G là cả một kỳ quan công nghệ, mà ở đó bạn có thể trải nghiệm hiệu năng mạnh mẽ nhất, những công nghệ tiên phong, dẫn đầu trào lưu với cụm camera đỉnh cao đến từ hãng điện thoại Samsung.\r\nThiết kế mới, tinh tế đến từng chi tiết\r\nSamsung Galaxy S21+ 5G sở hữu thiết kế mới lạ chưa từng có trên các smartphone trước đây với phần cụm camera gắn liền với cạnh mang vẻ đẹp độc đáo, tạo sự kết nối hài hòa, liền mạch.\r\n\r\n', 1),
(67, 'Điện thoại Samsung Galaxy Note 20 ', '15990000', 'https://cdn.tgdd.vn/Products/Images/42/218355/samsung-galaxy-note-20-vang-dong-1-org.jpg', 'Tháng 8/2020, smartphone Galaxy Note 20 chính thức được lên kệ, với thiết kế camera trước nốt ruồi quen thuộc, cụm camera hình chữ nhật mới lạ cùng với vi xử lý Exynos 990 cao cấp của chính hãng điện thoại Samsung chắc hẳn sẽ mang lại một trải nghiệm thú vị cùng hiệu năng mạnh mẽ.\r\nCamera cụm hình chữ nhật độc đáo cùng thiết kế mạnh mẽ\r\nĐiện thoại sở hữu thiết kế khung kim loại chắc chắn, mặt lưng nhựa bóng bẩy, kiểu dáng mạnh mẽ với những góc cạnh vuông vức nhưng vẫn mang lại cảm giác cầm nắm thoải mái.', 1),
(68, 'Điện thoại Samsung Galaxy S21 FE 5G (6GB/128GB)', '15990000', 'https://cdn.tgdd.vn/Products/Images/42/267211/samsung-galaxy-s21-fe-xanh-1.jpg', 'Samsung Galaxy S21 FE 5G (6GB/128GB) được Samsung ra mắt với dáng dấp thời thượng, cấu hình khỏe, chụp ảnh đẹp với bộ 3 camera chất lượng, thời lượng pin đủ dùng hằng ngày và còn gì nữa? Mời bạn khám phá qua nội dung sau ngay.\r\nVẻ ngoài sang trọng, màu sắc thời trang\r\nGalaxy S21 FE 5G thiết kế mỏng nhẹ với độ dày 7.9 mm, khối lượng chỉ 177 gram, các góc cạnh bo tròn cho cảm giác hài hòa, mềm mại, kết hợp các tông màu thời thượng gồm tím, xanh lá, xám và trắng giúp bạn dễ dàng tạo nên phong cách riêng đầy cá tính.', 1),
(69, 'Laptop Acer Nitro Gaming AN515-45-R6EV R5 5600H/8GB/512GB SSD/GTX1650 4GB/Win11', '19199000', 'https://images.fpt.shop/unsafe/fit-in/665x374/filters:quality(100):fill(white)/fptshop.com.vn/Uploads/Originals/2022/3/18/637832214825864846_acer-nitro-gaming-an515-45-r6ev-r5-5600h-thiet-ke.png', 'Không cần phải bỏ ra quá nhiều tiền, bạn vẫn có thể là người dẫn đầu cuộc chơi với Acer Nitro Gaming 5 AN515 45 R6EV phiên bản chạy AMD Ryzen 5000 series. Sức mạnh của tiến trình 7nm hiện đại kết hợp cùng card đồ họa kiến trúc Turing mang tới một chiếc máy tính chơi game xuất sắc.\r\nPhiên bản mới của Acer Nitro 5 tiếp tục đi theo ngôn ngữ thiết kế gaming ấn tượng với màu đen chủ đạo và những chi tiết nhỏ màu đỏ tạo điểm nhấn. Kiểu dáng hầm hố và góc cạnh cho bạn thêm phần cảm hứng khi chơi game. Ốp bản lề màu đỏ nổi bật trên tông màu đen sang trọng cùng 2 đường dập nổi 2 bên tạo cho Acer Nitro 5 AN515 45 sự khác biệt và đậm chất game thủ. Phần viền màn hình mỏng chỉ 7,02mm giúp laptop gaming thêm phần nhỏ gọn, dễ dàng để bạn chơi game ở bất cứ đâu.', 2),
(70, 'Laptop Asus TUF Gaming FX506LH-HN188W i5 10300H/8GB/512GB SSD/Nvidia GTX1650 4GB/Win11', '18499000', 'https://images.fpt.shop/unsafe/fit-in/665x374/filters:quality(100):fill(white)/fptshop.com.vn/Uploads/Originals/2022/4/22/637862393830287434_asus-tuf-gaming-fx506lh-hn188w-i5-10300h-man-hinh.png', 'Một chiếc laptop gaming nhưng giá bán lại rất văn phòng, ASUS TUF Gaming FX506LH-HN188W thuộc dòng TUF F15 với điểm mạnh là độ bền và hiệu năng lý tưởng trong tầm giá, sẽ đưa bạn đến gần hơn với giấc mơ chinh phục thế giới game thủ.\r\nAsus TUF Gaming F15 FX506LH HN188W thể hiện đẳng cấp gaming ngay từ vẻ ngoại hình của máy. Phiên bản Bonfire Black có màu đen tuyền với họa tiết phay xước và những hình khối mạnh mẽ, tạo một cá tính riêng biệt chỉ có ở các game thủ. Thiết kế này mang tới sự mạnh mẽ, một chút bất cần và ngạo nghễ trong cuộc chơi. Điểm xung quanh máy là các đường sọc đỏ làm điểm nhấn. Không chỉ đẹp ấn tượng, ASUS TUF FX506LH HN188W còn có kiểu dáng nhỏ gọn với phần viền màn hình siêu mỏng cùng trọng lượng chỉ 2,3kg, sẵn sàng đồng hành cùng bạn đi bất cứ đâu.', 2),
(71, 'Laptop HP Gaming Victus 16-e0175AX R5 5600H/8GB/512GB/16.1\"FHD/NVIDIA GeForce RTX 3050 Ti 4GB/Win 11', '23499000', 'https://fptshop.com.vn/Uploads/images/2015/Tin-Tuc/QuanLNH2/hp-gaming-victus-fpt-5.jpg', 'Đặc điểm nổi bật của Laptop HP Gaming Victus 16-e0175AX R5 5600H/8GB/512GB/16.1\"FHD/NVIDIA GeForce RTX 3050 Ti 4GB/Win 11\r\nCùng bạn cháy bỏng với đam mê, Laptop HP VICTUS 16-e0175AX mang trên mình màn hình lớn 144Hz siêu mượt cho game thủ cùng hiệu năng trên cả tuyệt vời với sự kết hợp giữa AMD Ryzen 5 5600H và RTX 3050 Ti, đảm bảo chiến tốt mọi tựa game.\r\nHiệu suất đa luồng cực đỉnh\r\nHP Victus 16 trang bị Ryzen 5 5600H, bộ vi xử lý thuộc series 5000 mới nhất từ nhà AMD. Với ưu điểm là sản xuất trên tiến trình 7nm tiên tiến, có tới 6 lõi 12 luồng, tốc độ tối đa 4.2GHz và TDP 45W, Ryzen 5 5600H vừa mang đến hiệu suất mạnh mẽ, vừa tiết kiệm năng lượng, lại vừa có khả năng duy trì xung nhịp cao trong thời gian dài. Chính vì thế, HP Victus không chỉ chơi game tốt mà còn đạt hiệu quả cao trong công việc, đáp ứng được những công việc chuyên nghiệp, đòi hỏi hiệu suất cao.\r\n\r\n', 2),
(72, 'Laptop Acer Aspire Gaming A715-42G-R05G R5 5500U/8GB/512GB SSD/Nvidia GTX1650 4GB/Win11', '17199000', 'https://images.fpt.shop/unsafe/fit-in/665x374/filters:quality(100):fill(white)/fptshop.com.vn/Uploads/Originals/2022/1/25/637787233229585806_Laptop%20Acer%20Aspire%20Gaming%20A715-42G-R05G%20R5%205500U-hieu-nang.png', 'Với một mức giá hấp dẫn, Acer Aspire 7 A715 42G R05G vừa mang đến cho bạn trải nghiệm chơi game ấn tượng, lại vừa có thể là chiếc laptop phục vụ công việc, học tập hàng ngày. Sự đa năng, mạnh mẽ và giá bán hợp lý giúp Aspire 7 A715 được người dùng đón nhận.\r\nLợi thế vượt trội với màn hình 144Hz\r\nCho trải nghiệm xem nhiều hơn trên một chiếc laptop nhỏ gọn hơn. Dù có thiết kế nhỏ gọn nhưng Acer Aspire 7 A715 vẫn sở hữu màn hình lớn 15,6 inch, độ phân giải Full HD, tấm nền IPS tuyệt đẹp. Bí mật nằm ở phần viền màn hình siêu mỏng, giúp màn hình chiếm tới 81,61% thân máy. Ngoài ra, công nghệ màu sắc thông minh từ hãng Acer cũng sẽ mang đến hình ảnh sống động hơn, đặc biệt là với những tác vụ như giải trí hay chơi game. Nhưng ấn tượng nhất phải kể đến tốc độ làm tươi 144Hz, một “vũ khí” cần có cho mọi game thủ “try hard”. Các tựa game sẽ diễn ra mượt hơn, khung hình nhanh hơn, để bạn nắm bắt mọi khoảnh khắc và dành lợi thế trong từng trận chiến.', 2),
(73, 'Laptop Acer Nitro Gaming AN515-57-5669 i5 11400H/8GB/512GB SSD/Nvidia GTX1650 4GB/Win11 ', '19199000', 'https://images.fpt.shop/unsafe/fit-in/665x374/filters:quality(100):fill(white)/fptshop.com.vn/Uploads/Originals/2022/2/28/637816530818094479_acer-nitro-gaming-an515-57-5669-i5-11400h-man-hinh.png', 'Bền bỉ, tiết kiệm và sở hữu cấu hình miễn chê, Acer Nitro Gaming AN515-57-5669 là sự lựa chọn phù hợp cho các game thủ muốn tận hưởng những công nghệ mới nhất trong một mức giá bán dễ chịu.\r\nPhiên bản mới của Acer Nitro 5 tiếp tục đi theo ngôn ngữ thiết kế gaming ấn tượng với màu đen chủ đạo và những chi tiết màu đỏ tạo điểm nhấn. Kiểu dáng hầm hố và góc cạnh cho bạn thêm phần cảm hứng khi chơi game. Ốp bản lề màu đỏ nổi bật trên tông màu đen sang trọng cùng 2 đường dập nổi 2 bên tạo cho Acer Nitro 5 AN515-57-5669 sự khác biệt và đậm chất game thủ. Phần viền màn hình mỏng chỉ 7,02mm giúp laptop thêm phần nhỏ gọn, dễ dàng để bạn chơi game ở bất cứ đâu.', 2),
(74, 'Laptop MSI Gaming GF63 Thin 10SC-481VN i7 10750H/8GB/512GB/15.6\"FHD/GTX 1650 Max-Q 4GB/Win 10', '20699000', 'https://images.fpt.shop/unsafe/fit-in/665x374/filters:quality(100):fill(white)/fptshop.com.vn/Uploads/Originals/2021/9/4/637663882764473617_msi-gaming-gf63-thin-10sc-481vn-i7-10750h-man-hinh.png', 'MSI Gaming GF63 Thin 10SC 481VN là chiếc laptop gaming rất đáng mua ở phân khúc 20 triệu đồng khi vừa nhỏ gọn di động, lại vừa trang bị bộ vi xử lý Intel Core i7 10750H siêu mạnh, đi cùng card đồ họa rời GTX 1650 chuyên game.\r\nNhờ bộ vi xử lý Intel Core i7 thế hệ thứ 10 mạnh mẽ hàng đầu, MSI GF63 có thể làm bất cứ điều gì bạn muốn. Con chip Intel Core i7 10750H xung nhịp 2,60 GHz Turbo Boost 5,00 GHz, bộ nhớ đệm 12MB, 6 nhân 12 luồng cho sức mạnh vượt trội. Hiệu năng xuất sắc đủ sức để MSI GF63 chơi tốt hầu hết mọi tựa game hiện nay, đặc biệt là các game eSports phổ biến ở mức đồ họa cao. Tất nhiên những ứng dụng làm việc và giải trí khác cũng được đáp ứng một cách mượt mà.', 2),
(75, 'Laptop Asus TUF Gaming FX506LH HN002T i5 10300H/8GB/512GB SSD/GTX1650 4GB/Win10', '17499000', 'https://images.fpt.shop/unsafe/fit-in/665x374/filters:quality(100):fill(white)/fptshop.com.vn/Uploads/Originals/2021/3/9/637508998035165237_Laptop-Asus-TUF-Gaming-FX506LH-HN002T-i5-thiet-ke.png', 'Asus TUF Gaming FX506LH HN002T thuộc dòng laptop chơi game Asus TUF, cho bạn sự mạnh mẽ, bền bỉ không chỉ thiết kế bề ngoài mà cả hiệu năng bên trong. Với Asus TUF Gaming FX506, bạn sẽ là một chiến binh thực sự trong trò chơi yêu thích.\r\nThiết kế của Asus TUF Gaming F15 FX506LH HN002T nhìn qua có vẻ đơn giản nhưng lại đậm cá tính và ẩn chứa nhiều điều bất ngờ. Bạn sẽ có một chiếc laptop gaming gọn gàng với viền màn hình mỏng và trọng lượng chỉ 2.3 kg. Toàn thân máy là những đường nét tinh tế như họa tiết tổ ong ở khung máy độc đáo, góp phần tản nhiệt tốt hơn; các đường kẻ sọc đối lập đầy thanh thoát và đặc biệt là thiết kế Fortress Gray với màu xám cực sang trọng trên mặt lưng, cùng logo TUF gaming đẳng cấp. Tất cả tạo nên một chiếc laptop chuẩn game thủ, cá tính và mạnh mẽ.', 2),
(76, 'Laptop Asus TUF Gaming FX506HCB-HN144W i5 11400H/8GB/512GB/15.6\'\'FHD/NVIDIA GeForce RTX 3050 4GB/Win11', '20999000', 'https://images.fpt.shop/unsafe/fit-in/665x374/filters:quality(100):fill(white)/fptshop.com.vn/Uploads/Originals/2022/4/22/637862462367138933_asus-gaming-tuf-fx506hcb-hn144w-i5-11400h-man-hinh.png', 'ASUS Gaming TUF FX506HCB-HN144W thuộc dòng TUF F15 2021 với sự nâng cấp mạnh mẽ về cấu hình khi sử dụng CPU Intel Gen 11 và GPU RTX 30 series, mang đến trải nghiệm chơi game không giới hạn dành cho bạn ở mọi lúc mọi nơi.\r\nKhí chất game thủ được toát lên ngay khi bạn nhìn vào Asus TUF Gaming F15 FX506HCB HN144W. Phiên bản màu Đen Graphite Black cực ngầu với màu sắc chủ đạo là đen tuyền cổ điển nhưng không hề nhàm chán nhờ họa tiết phay xước cùng những hình khối phá cách. Chất lượng hoàn thiện cao và cách bố trí họa tiết thông minh giúp TUF F15 có vẻ đẹp riêng biệt khi đặt cạnh các đối thủ. Đồng thời máy cũng rất di động với kích thước tổng thể gọn gàng và trọng lượng chỉ 2,3kg.', 2),
(77, 'Laptop Acer Nitro Gaming AN515-57-54MV i5 11400H/8GB/512GB/15.6\"FHD/NVIDIA GeForce RTX 3050 4GB/Win10', '22599000', 'https://images.fpt.shop/unsafe/fit-in/665x374/filters:quality(100):fill(white)/fptshop.com.vn/Uploads/Originals/2021/10/22/637705179857696882_acer-nitro-gaming-an515-57-54mv-i5-11400h-man-hinh.png', 'Acer Nitro Gaming AN515-57-54MV là chiếc laptop gaming có mức giá vừa phải nhưng lại sở hữu cấu hình ấn tượng với bộ vi xử lý Intel thế hệ thứ 11 mạnh mẽ và card đồ họa rời RTX 30 series. Diện mạo mới, sức mạnh mới, Nitro 5 sẽ cùng bạn vươn tới những đỉnh cao.\r\nRTX 30 series, tận hưởng đồ họa chơi game mãn nhãn\r\nAcer Nitro 5 AN515-57-54MV mang trên mình dòng card đồ họa mới nhất RTX 30 series. Đây là dòng GPU cho hiệu suất hoàn hảo, kể cả hoạt động chơi game lẫn đồ họa sáng tạo. GPU NVIDIA GeForce RTX 3050 sử dụng kiến trúc Ampere mới nhất, với các lõi Ray Tracing mới, lõi Tensor và các bộ đa xử lý phát trực tuyến, mang đến bước nhảy vọt về hiệu năng, hình ảnh chân thực đáng kinh ngạc. Bạn có thể chơi tốt hầu hết mọi game ở thiết lập Full HD, từ những game eSports cho đến các game bom tấn AAA.', 2),
(78, 'Laptop Lenovo Ideapad Slim 3 14ITL6 i3 1115G4/8GB/512GB/14\"FHD/Win 11', '12399000', 'https://images.fpt.shop/unsafe/fit-in/665x374/filters:quality(100):fill(white)/fptshop.com.vn/Uploads/Originals/2022/3/29/637841458164735684_lenovo-ideapad-3-14itl6-i3-1115g4-man-hinh.png', 'Lenovo Ideapad Slim 3 14ITL6 (IdeaPad Slim 3i Gen 6 14) là dòng laptop cơ bản dành cho sinh viên, nhân viên văn phòng đời mới nhất. Sức mạnh từ bộ vi xử lý Intel thế hệ thứ 11, các tính năng thông minh giúp bạn có được thiết bị làm việc hiệu quả hơn.\r\nCấu hình được nâng cấp với bộ vi xử lý Intel thế hệ thứ 11\r\nHiệu năng của Lenovo Ideapad Slim 3 14ITL6 được cải tiến rõ rệt so với thế hệ trước khi được trang bị bộ vi xử lý Intel thế hệ thứ 11 mới nhất. Con chip Intel Core i3 1115G4 có xung nhịp lên tới 4.10GHz, sản xuất trên tiến trình 10nm SuperFin tiết kiệm năng lượng, giúp bạn chạy tốt mọi ứng dụng văn phòng một cách mượt mà. Hơn nữa, Ideapad Slim 3 14ITL6 còn có sẵn tới 8GB RAM DDR4 3200MHz và 512GB SSD, cho khả năng đa nhiệm tuyệt vời, tốc độ khởi động – vào ứng dụng nhanh chóng.', 2),
(79, 'Laptop HP Envy 13 ba1536TU i5 1135G7/8GB/512GB/13.3\"FHD/Win 11', '21999000', 'https://images.fpt.shop/unsafe/fit-in/665x374/filters:quality(100):fill(white)/fptshop.com.vn/Uploads/Originals/2022/4/14/637855479765125340_HP-Envy-13-ba1536TU-1.jpg', 'Bạn cần một chiếc laptop siêu di động, cao cấp nhưng cũng đầy mạnh mẽ, HP Envy 13 ba1536TU chắc chắn sẽ không làm bạn phải thất vọng với độ tỉ mỉ trong thiết kế cùng hiệu suất hàng đầu từ bộ vi xử lý thế hệ thứ 11 Tiger Lake.\r\nCấu hình vượt trội trong một thân máy nhỏ gọn\r\nHP Envy 13-ba1536TU giúp bạn hoàn toàn yên tâm trong công việc nhờ sức mạnh của bộ vi xử lý Intel thế hệ thứ 11 Tiger Lake. Con chip Intel Core i5 1135G7 với 4 lõi 8 luồng và tốc độ tối đa 4.20GHz mang đến hiệu năng vượt trội. Bên cạnh đó GPU Intel Iris Xe mới nhất cũng nâng cấp mạnh mẽ về khả năng xử lý đồ họa. Tất nhiên không thể không nhắc đến 8GB RAM DDR4 và ổ cứng SSD dung lượng cao 512GB. Với cấu hình này, HP ENVY 13 ba1536TU chạy mượt ở mọi tác vụ, mang đến cho bạn hiệu suất làm việc nhanh chóng.', 2),
(80, 'Laptop Lenovo IdeaPad Slim 5 15ITL05 i5 1135G7/8GB/512GB/15.6”FHD/Win 11', '16299000', 'https://images.fpt.shop/unsafe/fit-in/665x374/filters:quality(100):fill(white)/fptshop.com.vn/Uploads/Originals/2022/3/29/637841541043053246_lenovo-ideapad-slim-5-15itl05-i5-1135g7-man-hinh.png', 'Dòng Lenovo IdeaPad Slim 5 15ITL05 giờ đây đã được nâng cấp lên bộ vi xử lý Intel thế hệ thứ 11 vô cùng mạnh mẽ, trở thành chiếc laptop 15,6 inch nhỏ gọn, hiệu suất chuyên nghiệp, lý tưởng cho công việc.\r\nSức mạnh đột phá với bộ vi xử lý Intel thế hệ thứ 11\r\nLenovo IdeaPad 5-15ITL05 có hiệu năng đột phá nhờ bộ vi xử lý Intel thế hệ thứ 11 Tiger Lake mới nhất. Con chip Intel Core i5 1135G7 cực mạnh với 4 lõi 8 luồng, tốc độ tối đa 4.20 GHz, sản xuất trên tiến trình 10nm SuperFin, cho khả năng xử lý đa nhân ổn định và mạnh mẽ. Hơn nữa, bộ vi xử lý này còn tích hợp GPU đồ họa Intel Iris Xe, có hiệu suất tương đương một số card rời của laptop. Nhờ vậy bạn có thể chỉnh sửa ảnh, biên tập video hay chơi game rất tốt trên Lenovo IdeaPad Slim 5 15ITL05.', 2),
(81, 'Laptop Asus Zenbook UX325EA-KG656W i5 1135G7/8GB/512GB SSD/13.3\'\'FHD OLED/Win11', '22299000', 'https://images.fpt.shop/unsafe/fit-in/665x374/filters:quality(100):fill(white)/fptshop.com.vn/Uploads/Originals/2022/4/7/637849490992841006_asus-zenbook-ux325ea-kg656w-i5-1135g7-hieu-nang.png', 'Sở hữu ASUS ZenBook UX325EA-KG656W đồng nghĩa với việc bạn sẽ được trải nghiệm những tinh hoa hàng đầu của ngành công nghiệp laptop. Từ thiết kế đẹp tựa kiệt tác đến màn hình OLED đầy khác biệt, ZenBook 13 OLED mang đến cái nhìn hoàn toàn mới cho một chiếc laptop hiện đại.\r\nĐẹp như một kiệt tác\r\nPhiên bản ZenBook 13 OLED trong bài viết có màu xám thông, thể hiện sự thâm trầm, hiện đại. Kiểu dáng cao cấp và hoàn thiện từ kim loại nguyên khối, cùng màn hình viền siêu mỏng tạo nên một chiếc laptop đẹp hoàn mỹ. ASUS ZenBook UX325EA mang tới đẳng cấp riêng biệt cho người dùng, toát lên vẻ đẹp của sự trí tuệ qua một thiết bị công nghệ đỉnh cao.', 2),
(82, 'Laptop Lenovo Yoga 7 14ACN6 R5 5600U/8GB/512GB/14.0\'\'FHD/Win 11', '21199000', 'https://images.fpt.shop/unsafe/fit-in/665x374/filters:quality(100):fill(white)/fptshop.com.vn/Uploads/Originals/2022/3/3/637819218826475519_lenovo-yoga-7-14acn6-r5-5600u-thiet-ke.png', 'Đánh giá chi tiết MTXT Lenovo Yoga 7 14ACN6 R5 5600U/82N7002MVN\r\nLenovo Yoga 7 14ACN6 là chiếc máy tính 2-in-1 có kiểu dáng khỏe khoắn và thời trang, màn hình cảm ứng IPS Full HD tràn viền tuyệt đẹp cùng cấu hình mạnh mẽ từ AMD Ryzen 5000 series.\r\nSẵn sàng xử lý các công việc chuyên nghiệp\r\nYoga 7 Gen 6 sử dụng con chip AMD Ryzen 5 5600U sản xuất trên tiến trình 7nm FinFET TSMC hiện đại. Xung nhịp cơ bản của Ryzen 5 5600U được thiết lập ở mức 2.3GHz để xử lý gọn gàng các phần mềm văn phòng thông dụng mà vẫn tiết kiệm năng lượng. Trong khi xung nhịp tối đa ở chế độ Max Boost lên đến 4.2GHz, cùng với 6 nhân và 12 luồng giúp con chip này xử lý tốt cả những nhu cầu đồ họa chuyên nghiệp, ví dụ như render video. Card đồ họa tích hợp AMD Radeon Graphics với 7 lõi và tốc độ 1800MHz tương thích cao với Ryzen 5 5600U càng làm tăng sức mạnh xử lý cho Yoga 7 AMD.', 2),
(83, 'Laptop Dell Gaming Alienware M15 R6 i7 11800H/32GB/1TB/15.6\"QHD/NVIDIA GeForce RTX3070 8GB/Win 11', '60499000', 'https://images.fpt.shop/unsafe/fit-in/665x374/filters:quality(100):fill(white)/fptshop.com.vn/Uploads/Originals/2022/4/27/637866672157390836_dell-gaming-alienware-m15-r6-i7-11800h-hieu-nang.png', 'Dòng laptop gaming Ailenware chưa bao giờ làm người dùng thất vọng. Chiếc Dell Alienware M15 R6 thế hệ mới là một siêu máy tính chơi game di động với màn hình QHD 240Hz, bộ vi xử lý Intel Core i7 Gen 11 và GPU đồ họa RTX 3070, sẵn sàng đáp ứng mọi tựa game một cách hoàn hảo.\r\nMàn hình đỉnh cao cả về chất lượng hiển thị và tốc độ\r\nMàn hình Dell Alienware M15 R6 là một trong những màn hình chất lượng nhất thế giới laptop chơi game. Bạn sẽ được tận hưởng hình ảnh sắc nét đến từng chi tiết với tấm nền 15,6 inch độ phân giải QHD 2560 x 1440 pixels. Chưa hết, màn hình này còn có tốc độ làm tươi 240Hz hỗ trợ NVIDIA G-SYNC, sẵn sàng cho những tựa game fps đòi hỏi tốc độ khung hình thực sự cao, đặc biệt là các trò chơi bắn súng. Bạn cũng có thể chơi game lâu mà không lo mỏi mắt nhờ công nghệ lọc ánh sáng xanh dương thấp ComfortView Plus, sử dụng phần cứng để loại bỏ ánh sáng xanh mà không làm hại đến chất lượng hình ảnh.', 2),
(84, 'Laptop HP 240 G8 i3 1005G1/8GB/512GB/14.0\"HD/Win 10', '12779000', 'https://images.fpt.shop/unsafe/fit-in/665x374/filters:quality(100):fill(white)/fptshop.com.vn/Uploads/Originals/2021/11/10/637721520484317528_hp-240-g8-i3-1005g1-win-10-man-hinh.png', 'HP 240 G8 có cấu hình rất tốt cho công việc với bộ vi xử lý Intel thế hệ thứ 10 Ice Lake và SSD dung lượng cao 512GB, giúp bạn thỏa sức lưu trữ, tốc độ nhanh chóng trong mọi hoạt động.\r\nCấu hình tốt cho công việc văn phòng, SSD dung lượng cao 512GB\r\nHP 240 G8 được xây dựng cho mục đích chính là công việc và học tập, vì thế laptop sở hữu cấu hình với những linh kiện máy tính giúp bạn hoàn thành công việc nhanh chóng. Bộ vi xử lý Intel Core i3 1005G1 sản xuất trên tiến trình 10nm, mạnh mẽ và tiết kiệm điện năng. Bên cạnh đó là 4GB RAM DDR4 và 512GB SSD, những linh kiện giúp bạn có khả năng đa nhiệm tuyệt vời, tăng tốc độ khởi động, không gian lưu trữ dữ liệu rộng lớn. HP 240 G8 thực sự là chiếc laptop đáng tin cậy cho công việc, học tập.', 2),
(85, 'Laptop Lenovo 100e Gen 2 N4020/4GB/64GB eMMC/Intel UHD Graphics 600/11.6\"HD/Win 10 Pro', '629000', 'https://images.fpt.shop/unsafe/fit-in/665x374/filters:quality(100):fill(white)/fptshop.com.vn/Uploads/Originals/2022/2/14/637804498279335299_lenovo-100e-gen-2-n4020-win-10-pro-man-hinh.png', 'Lenovo 100e Gen 2 là chiếc laptop nhỏ gọn, bền bỉ, mức giá rất rẻ, được xây dựng phù hợp cho hoạt động học tập online của các em học sinh.\r\nThiết kế siêu bền, độ bền chuẩn quân sự\r\nTrẻ em rất hiếu động, chính vì thế một chiếc laptop đặc biệt dành cho học sinh cần có độ bền vượt trội so với các sản phẩm khác. Lenovo 100e Gen 2 đạt độ bền chuẩn quân sự với các miếng đệm cao su ở các góc cạnh; bản lề và cổng kết nối được gia cố chắc chắn; bàn phím được neo cơ học. Thiết kế này sẽ chống lại những va đập, rủi ro thường ngày. Laptop có khả năng chống rơi ở cự ly 75cm, tương đương chiều cao của một chiếc bàn học.', 2),
(86, 'Laptop Dell Inspiron N3505 R5 3450U/8GB/256GB/15.6\"FHD Touch/AMD Radeon Vega 8/Win 10/NK ', '14499000', 'https://images.fpt.shop/unsafe/fit-in/665x374/filters:quality(100):fill(white)/fptshop.com.vn/Uploads/Originals/2021/12/1/637739665837568158_dell-inspiron-n3505-r5-3450u-win-10-nk-hieu-nang.png', 'Dell Inspiron N3505 phiên bản màn hình cảm ứng phù hợp cho những ai thích tương tác trực tiếp vào màn hình, trang bị bộ vi xử lý AMD Ryzen 5 tích hợp GPU Radeon Vega 8 đầy mạnh mẽ.\r\nNâng cao năng suất làm việc\r\nCấu hình cực mạnh của Dell Inspiron N3505 sẽ giúp công suất làm việc của bạn được đẩy lên đáng kể. Bộ vi xử lý AMD Ryzen 5 3450U sử dụng kiến trúc Zen+, có tới 4 lõi 8 luồng, tốc độ 2.1 – 3.5GHz cho phép hoàn thành công việc trong thời gian ngắn nhất. Đặc biệt, Ryzen 5 3450U còn tích hợp GPU đồ họa Radeon RX Vega 8 có tới 8 nhân, cho khả năng xử lý đồ họa đầy ấn tượng. Bạn có thể chỉnh sửa ảnh, render video nhẹ nhàng hay chơi các tựa game Esports trên Dell Inspiron N3505.', 2),
(87, 'Laptop Lenovo Gaming Legion 5 15ACH6 R5 5600H/8GB/512GB/15.6\"FHD/NVIDIA GeForce RTX 3050 Ti 4GB/Win11', '25499000', 'https://fptshop.com.vn/Uploads/images/2015/Tin-Tuc/QuanLNH2/Lenovo-Legion-5-15ACH6-fpt-6.jpg', 'Đặc điểm nổi bật của Lenovo Legion 5 15ACH6 R5 5600H Win 11\r\nKhông chỉ là chiếc laptop gaming có màn hình tần số quét cao bậc nhất phân khúc với 165Hz, Lenovo Legion 5 15ACH6 còn hết sức bền bỉ cùng một cấu hình lợi hại khi sở hữu bộ vi xử lý AMD Ryzen 5000 series và GPU RTX 30 series, sẵn sàng cùng bạn chiến đấu.\r\nThiết kế cá tính, bền bỉ và di động\r\nBạn có thể cảm nhận được vẻ đẹp của sự hiện đại và tính công nghệ trên Lenovo Legion 5 15ACH6. Thiết kế máy là sự kết hợp hoàn hảo giữa tính thực tế, độ chính xác, hiệu suất và thời trang. Từng chi tiết như bản lề, logo Lenovo, kiểu dáng, viền màn hình siêu mỏng, chất liệu phủ polymer bền vững tạo nên chiếc laptop vuông vắn, tuyệt đẹp và thể hiện cá tính mạnh mẽ. Lenovo Legion 5 còn có kích thước nhỏ gọn, dễ dàng để bạn luôn mang theo bên mình và tranh thủ chơi game mọi lúc mọi nơi.', 2),
(88, 'Laptop Dell Inspiron N3510 Celeron N4020/4GB/128GB15.6\"HD/Intel HD/Win 10/NK', '7499000', 'https://images.fpt.shop/unsafe/fit-in/665x374/filters:quality(100):fill(white)/fptshop.com.vn/Uploads/Originals/2021/11/26/637735400531870856_dell-inspiron-n3510-celeron-n4020-win-10-nk-hieu-nang.png', 'Dell Inspiron N3510 là sự lựa chọn laptop giá rẻ rất tốt dành cho học sinh, sinh viên khi sở hữu cấu hình ổn, thiết kế bền bỉ, kiểu dáng nhỏ gọn và đến từ thương hiệu Dell danh tiếng.\r\nMàn hình lớn bảo vệ mắt\r\nDell Inspiron N3510 sở hữu màn hình lớn 15,6 inch, viền màn hình mỏng cả 4 cạnh, mang tới trải nghiệm xem đắm chìm. Bạn sẽ có được nhiều nội dung hơn, không gian làm việc rộng lớn hơn. Ngoài ra, chế độ Dell Comfort View sẽ giảm ánh sáng xanh có hại, giúp an toàn cho đôi mắt của bạn. Dễ dàng theo dõi và không bỏ sót bất cứ thông tin nào trên Dell Inspiron N3510. Hơn nữa, việc sở hữu một màn hình đẹp cũng giúp bạn giải trí tốt hơn khi xem phim hay chơi game.\r\nHiệu năng đủ dùng cho học tập\r\nDell Inspiron N3510 sở hữu bộ vi xử lý Intel Celeron N4020, con chip có 2 nhân 2 luồng, tốc độ 1.10 – 2.80 GHz, đủ khả năng để chạy tốt nhu cầu làm việc máy tính cơ bản như công việc văn phòng, duyệt web, các phần mềm giáo dục. Ngoài ra Dell Inspiron N3510 còn có 4GB RAM DDR4 và 128GB SSD, giúp hiệu suất đa nhiệm mượt mà, tốc độ khởi động, tắt máy, mở ứng dụng cực nhanh. Dell Inspiron N3510 đảm bảo hiệu năng luôn ổn định, mát mẻ và hoạt động yên tĩnh.\r\n', 2);
INSERT INTO `sanphammoi` (`id`, `product_name`, `price`, `image`, `description`, `type`) VALUES
(89, 'Laptop Asus Vivobook A515EA-L11970W i5 1135G7/8GB/512GB SSD/15.6\" OLED/Win11', '17999000', 'https://images.fpt.shop/unsafe/fit-in/665x374/filters:quality(100):fill(white)/fptshop.com.vn/Uploads/Originals/2022/2/14/637804465629314458_asus-vivobook-a515ea-l11970w-i5-1135g7hieu-nang.png', 'ASUS VivoBook A515EA-L11970W là một bước tiến vượt bậc trên thị trường laptop khi bạn có thể tận hưởng những công nghệ tiên tiến nhất, từ màn hình OLED, bộ vi xử lý Intel thế hệ thứ 11 với đồ họa Iris Xe cho đến Windows 11 trong mức giá rất hấp dẫn.\r\nTrải nghiệm chân thực nhờ màu đen sâu thẳm\r\nKhả năng tái tạo màu đen là ưu điểm chỉ có ở màn hình OLED. Nhờ việc tắt hẳn điểm ảnh khi hiển thị màu đen, màn hình OLED cho màu đen sâu thẳm thể hiện những cảnh tối trong các bộ phim điện ảnh một cách chân thực nhất có thể. Công nghệ OLED cũng mang tới độ tương phản đỉnh cao lên tới 1.000.000:1. Tha hồ đắm chìm vào vũ trụ điện ảnh với những bộ phim bom tấn trên ASUS VivoBook A515, nơi hình ảnh vô cùng hấp dẫn và sống động trước mắt bạn.\r\nMàu sắc sống động và chính xác\r\nDù là xem phim giải trí hay chỉnh sửa ảnh, làm đồ họa chuyên nghiệp, màn hình OLED của ASUS VivoBook A515 cũng tỏ ra thực sự khác biệt so với phần còn lại. Với gam màu chuẩn 133% sRGB, 100% DCI-P3 đẳng cấp rạp chiếu phim, màu sắc trên màn hình VivoBook A515 được tái tạo phong phú và sống động vượt trội. Thậm chí độ chính xác màu của màn hình OLED vẫn được đảm bảo ngay cả ở độ sáng thấp, điều bạn không thể có được trên màn hình LCD thông thường.', 2),
(90, 'Laptop MSI Modern 15 A5M 234VN R5 5500U/8GB/512GB/15.6\"FHD/Win 11 ', '15799000', 'https://images.fpt.shop/unsafe/fit-in/665x374/filters:quality(100):fill(white)/fptshop.com.vn/Uploads/Originals/2022/1/22/637784658077773706_msi-modern-15-a5m-234vn-r5-5500u-heu-nang.png', 'Đánh giá chi tiết MSI Modern 15 A5M 234VN R5 5500U/234VN\r\nTập hợp những công nghệ mới nhất trong một thiết kế thời thượng, MSI Modern 15 A5M 234VN tự tin hỗ trợ tối đa cho công việc của bạn, đồng thời thể hiện cá tính riêng biệt.\r\nCấu hình ấn tượng cho công việc chuyên nghiệp\r\nMSI Modern 15 A5M trang bị bộ vi xử lý AMD Ryzen 5 5500U, con chip lý tưởng cho một chiếc laptop di động với sức mạnh ấn tượng và khả năng tiết kiệm năng lượng. Sở hữu tới 6 nhân 12 luồng, tốc độ tối đa 4.0GHz, tích hợp GPU đồ họa 7 nhân, Ryzen 5 5500U có thể chạy tốt mọi ứng dụng, từ những ứng dụng văn phòng cho đến chỉnh sửa đồ họa, render video hay thậm chí là chơi game eSports. Tiến trình TSMC 7nm FinFET tiên tiến nhất hiện nay giúp laptop tỏa nhiệt ít, tiết kiệm pin, sử dụng năng lượng hiệu quả để luôn có được sức mạnh hiệu năng tối ưu trong suốt quá trình sử dụng.', 2),
(91, 'Laptop Masstel E140 Celeron - N4120/4GB/128GB/14\"HD/Win 10', '7999000', 'https://images.fpt.shop/unsafe/fit-in/665x374/filters:quality(100):fill(white)/fptshop.com.vn/Uploads/Originals/2022/5/17/637883996220507754_masstel-e140-celeron-n4120-man-hinh.png', 'Được Masstel nghiên cứu, chế tạo và tối ưu cả phần cứng/phần mềm dành cho trải nghiệm học tập online của con trẻ, chiếc laptop Masstel E140 đem đến những tính năng ưu việt như bảo vệ bé trước những thông tin độc hại, được trang bị sẵn tài liệu học tập phong phú, đồng thời cho phép cha mẹ định vị, kiểm soát nội dung trẻ tiếp cận mỗi ngày.\r\nNhỏ nhắn, thanh lịch và thuận tiện\r\nVề kích thước, Masstel E140 có cấu trúc hết sức mỏng nhẹ, mang hơi hướng năng động gọn gàng. Sản phẩm ghi nhận trọng lượng 1.35kg và rất dễ cầm nắm. Không gian hiển thị hình ảnh rộng 14 inch của chiếc laptop ghi nhận độ phân giải 1.366 x 768 pixels. Tấm nền IPS hết sức sắc sảo và hứa hẹn đem lại những trải nghiệm hình ảnh trọn vẹn, ấn tượng.\r\nPhục vụ tối ưu cho tác vụ học tập\r\nTrung tâm sức mạnh của Masstel E140 nằm ở bộ vi xử lý Intel Celeron Lake Refresh N4120 với xung nhịp 2.4GHz bốn nhân, bốn luồng, đáp ứng tốt các nhu cầu học tập và làm việc online. Sản phẩm được trang bị bộ nhớ trong SSD 128GB, thể hiện khả năng truy xuất dữ liệu ấn tượng, giúp bé kích hoạt nhanh các tác vụ, ứng dụng dùng cho việc học. Ngoài ra, nhờ kết cấu quạt tản nhiệt chống ồn nên Masstel E140 có thể vận hành cực kỳ yên tĩnh.', 2),
(92, 'Laptop CHUWI GemiBook Pro Celeron N5100/8GB/256GB/14\'\'IPS/Win 10', '8599000', 'https://images.fpt.shop/unsafe/fit-in/665x374/filters:quality(100):fill(white)/fptshop.com.vn/Uploads/Originals/2022/3/10/637825198574456139_chuwi-gemibook-pro-n5100-man-hinh.png', 'CHUWI GemiBook Pro 14 là mẫu laptop doanh nhân với kiểu dáng sang trọng hiện đại, màn hình độ phân giải 2K siêu nét cùng hiệu suất ấn tượng trong một mức giá rẻ đến khó tin.\r\nLàm việc chuyên nghiệp trên màn hình 2K tỉ lệ 3:2\r\nMàn hình CHUWI GemiBook Pro 14 đủ khả năng để đáp ứng những công việc chuyên nghiệp. Bạn sẽ ngay lập tức cảm nhận được sự khác biệt của độ phân giải 2K siêu sắc nét, vượt trội so với mọi đối thủ trong tầm giá. Hơn nữa, CHUWI GemiBook Pro 14 còn có tỉ lệ khung hình 3:2, cho không gian hiển thị lớn hơn, mang đến nhiều nội dung hơn, đặc biệt là ở các hoạt động văn phòng. Màn hình 14 inch IPS 2K của CHUWI GemiBook Pro 14 thực sự đưa trải nghiệm laptop của bạn lên một tầm cao mới.\r\nHiệu suất đáp ứng tốt hoạt động văn phòng\r\nCHUWI GemiBook Pro 14 trang bị bộ vi xử lý Intel Celeron N5100 Jasper Lake với 4 lõi 4 luồng, tốc độ 1.1 – 2.8 GHz, có thể chạy tốt mọi ứng dụng văn phòng. Từ bộ ứng dụng Microsoft Office cho đến Adobe Photoshop, Lightroom, CHUWI GemiBook Pro 14 đều hoàn thành tốt các công việc được giao. Laptop còn tích hợp đồ họa Intel UHD 600 phục vụ tốt nhu cầu chỉnh sửa ảnh, phát video 4K. Sự đa năng của CHUWI GemiBook Pro 14 sẽ giúp công việc của bạn trở nên dễ dàng hơn.', 2),
(93, 'Laptop HP 15s du1106TU i3 10110U/4GB/512GB SSD/15.6\"HD/Win 11', '12249000', 'https://images.fpt.shop/unsafe/fit-in/665x374/filters:quality(100):fill(white)/fptshop.com.vn/Uploads/Originals/2022/4/13/637854652170010005_Laptop-HP-15s-du1106TU-1.jpg', 'HP 15s du1106TU sở hữu thiết kế tuyệt đẹp với màu bạc thời thượng, bên cạnh đó máy còn có màn hình lớn và một cấu hình tốt cho công việc văn phòng, học tập trong tầm giá rẻ.\r\nKiểu dáng mỏng nhẹ, thiết kế thời trang\r\nHP 15s du1106TU gây bất ngờ với thiết kế mỏng và nhẹ, dù đây là chiếc laptop có màn hình lớn 15,6 inch. Viền màn hình siêu mỏng chỉ 6,5mm giúp kích thước tổng thể của HP 15s gọn gàng hơn rất nhiều, chỉ tương đương những mẫu laptop 14 inch thông thường, cho tỉ lệ màn hình chiếm tới 81% diện tích thân máy. Bên cạnh đó, HP 15s du1106TU có trọng lượng chỉ 1,74kg và độ mỏng 1,99cm, rất mỏng nhẹ, tiện lợi để bạn mang đi bất cứ đâu. Chiếc laptop của chúng ta cũng được thiết kế tuyệt đẹp với màu bạc thanh lịch, những đường nét tinh tế cao cấp, tạo nên một sản phẩm thời trang.\r\nLàm việc hiệu quả với Intel thế hệ thứ 10 và SSD\r\nHP 15s du1106TU có hiệu năng đủ tốt cho nhu cầu học tập, làm việc online, công việc văn phòng nhờ trang bị bộ vi xử lý Intel Core i3 10110U mạnh mẽ. Con chip này thuộc thế hệ Intel thứ 10 Comet Lake, với 2 nhân 4 luồng, tốc độ tối đa 4.10GHz, chạy tốt các ứng dụng cơ bản. Bên cạnh đó bạn còn có 4GB RAM DDR4 và 256GB SSD, cho tốc độ khởi động máy, mở ứng dụng cực nhanh, đa nhiệm mượt mà.', 2),
(94, 'MacBook Pro 16\" 2021 M1 Pro Ram 32GB', '73990000', 'https://images.fpt.shop/unsafe/fit-in/665x374/filters:quality(100):fill(white)/fptshop.com.vn/Uploads/Originals/2022/3/8/637823342198790216_macbook-pro-16-2021-m1-pro-ram-32gb-man-hinh.png', 'MacBook Pro 16 inch 2021 chính là dòng máy tính xách tay mạnh nhất thế giới hiện nay với sức mạnh tối thượng từ bộ vi xử lý M1 Pro. Phiên bản RAM 32GB thậm chí còn cho bạn làm được nhiều việc hơn thế, tất cả sẽ được hiển thị trên màn hình lớn 16 inch Liquid Retina XDR đẹp chưa từng thấy.\r\nChuẩn mực của màn hình laptop\r\nMacBook Pro 16 2021 mới sở hữu màn hình tốt nhất từng có trên một chiếc máy tính xách tay. Công nghệ hình ảnh Liquid Retina XDR mang tới hình ảnh siêu nét với mật độ điểm ảnh 254 ppi; hiển thị nội dung HDR sống động với màu đen sâu thẳm, màu sắc chân thực, hỗ trợ 1 tỷ màu; độ tương phản siêu cao 1.000.000:1 và độ sáng tối đa lên tới 1000 nits. Màn hình MacBook Pro là chuẩn mực cho công việc đồ họa, đồng thời là không gian giải trí di động tuyệt vời nhất dành cho bạn.\r\nThay đổi trải nghiệm với màn hình 120Hz\r\nMàn hình ProMotion lần đầu tiên xuất hiện trên máy tính MacBook, giúp mọi thứ trở nên mượt mà hơn bao giờ hết. Từ cuộn trang khi duyệt web cho đến chơi game, tất cả đều phản hồi ngay lập tức, cực nhạy với tốc độ làm mới lên tới 120Hz. Công nghệ thích ứng sẽ tự động điều chỉnh tần số quét để phù hợp với nội dung bạn đang sử dụng, cho hình ảnh vừa mượt mà lại vừa tiết kiệm điện năng.', 2),
(95, 'Laptop Acer Triton Gaming PT516-51S-733T i7 11800H/32GB/1TB/16\'\'WQXGA/NVIDIA GeForce RTX 3060 6GB/Win10', '53999000', 'https://images.fpt.shop/unsafe/fit-in/665x374/filters:quality(100):fill(white)/fptshop.com.vn/Uploads/Originals/2022/4/18/637858881538248365_acer-triton-gaming-pt516-51s-733t-i7-11800h-thiet-ke.png', 'Acer Triton Gaming PT516-51S-733T thuộc dòng laptop Predator Triton 500 SE mỏng nhẹ cao cấp, trang bị những công nghệ đỉnh cao và cấu hình siêu việt, cho bạn thống trị mọi tựa game cũng như thiết kế đồ họa chuyên nghiệp.\r\nCấu hình mơ ước của mọi game thủ\r\nNhững thông số trên Acer Triton Gaming PT516-51S-733T là điều mà các game thủ đang tìm kiếm. Bộ vi xử lý Intel Core i7 11800H cho tốc độ tối đa lên tới 5.0GHz, 8 lõi 16 luồng, mang đến sức mạnh như những PC hàng đầu để bạn có thể làm việc, chơi game hết công suất. Đi cùng với con chip cao cấp là những thông số “siêu khủng” khác như 32GB RAM hay 1TB SSD. Predator Triton 500 SE quả thực là một “quái vật” về cấu hình, biến những điều không thể thành có thể.\r\nCard đồ họa RTX 3060, chinh phục mọi tựa game\r\nAcer Triton Gaming PT516-51S-733T mang đến hiệu suất tối thượng cho các game thủ với card đồ họa RTX 3060 sử dụng kiến trúc Ampere danh tiếng. Các lõi dò tia Ray Tracing thế hệ mới, lõi Tensor và các bộ xử lý đa nhiệm dành cho hoạt động streaming giúp bạn vừa chơi game, vừa truyền phát trực tiếp một cách vô cùng mượt mà. Bạn sẽ được tận hưởng các tựa game đồ họa cao với hiệu ứng sống động, chân thực. Hơn nữa, RTX 3060 còn là GPU lý tưởng dành cho hoạt động sáng tạo, để bạn thoải mái làm việc hết năng suất.\r\n\r\n', 2);

-- --------------------------------------------------------

--
-- Table structure for table `user`
--

CREATE TABLE `user` (
  `id` int(11) NOT NULL,
  `email` varchar(250) COLLATE utf8mb4_unicode_ci NOT NULL,
  `pass` varchar(250) COLLATE utf8mb4_unicode_ci NOT NULL,
  `username` varchar(100) COLLATE utf8mb4_unicode_ci NOT NULL,
  `mobile` varchar(15) COLLATE utf8mb4_unicode_ci NOT NULL
) ENGINE=InnoDB DEFAULT CHARSET=utf8mb4 COLLATE=utf8mb4_unicode_ci;

--
-- Dumping data for table `user`
--

INSERT INTO `user` (`id`, `email`, `pass`, `username`, `mobile`) VALUES
(3, 'latran@gmail.com', '123456', 'LaTran', '0946115542'),
(4, 'pris.la2912@gmail.com', 'JenyLa2912', 'LaTran', '0946115542'),
(5, 'freya.la2912@gmail.com', 'gaugau', 'LaTran', '0946115542'),
(6, 'pris.la291297@gmail.com', 'gaugau', 'TranTran', '012394'),
(7, 'latrantran@gmail.com', 'latran', 'trantran', '6546234234');

--
-- Indexes for dumped tables
--

--
-- Indexes for table `donhang`
--
ALTER TABLE `donhang`
  ADD PRIMARY KEY (`id`);

--
-- Indexes for table `sanpham`
--
ALTER TABLE `sanpham`
  ADD PRIMARY KEY (`id`);

--
-- Indexes for table `sanphammoi`
--
ALTER TABLE `sanphammoi`
  ADD PRIMARY KEY (`id`);

--
-- Indexes for table `user`
--
ALTER TABLE `user`
  ADD PRIMARY KEY (`id`);

--
-- AUTO_INCREMENT for dumped tables
--

--
-- AUTO_INCREMENT for table `donhang`
--
ALTER TABLE `donhang`
  MODIFY `id` int(11) NOT NULL AUTO_INCREMENT, AUTO_INCREMENT=25;

--
-- AUTO_INCREMENT for table `sanpham`
--
ALTER TABLE `sanpham`
  MODIFY `id` int(11) NOT NULL AUTO_INCREMENT, AUTO_INCREMENT=7;

--
-- AUTO_INCREMENT for table `sanphammoi`
--
ALTER TABLE `sanphammoi`
  MODIFY `id` int(11) NOT NULL AUTO_INCREMENT, AUTO_INCREMENT=96;

--
-- AUTO_INCREMENT for table `user`
--
ALTER TABLE `user`
  MODIFY `id` int(11) NOT NULL AUTO_INCREMENT, AUTO_INCREMENT=8;
COMMIT;

/*!40101 SET CHARACTER_SET_CLIENT=@OLD_CHARACTER_SET_CLIENT */;
/*!40101 SET CHARACTER_SET_RESULTS=@OLD_CHARACTER_SET_RESULTS */;
/*!40101 SET COLLATION_CONNECTION=@OLD_COLLATION_CONNECTION */;
